한글 국가명,영문 국가명,국가코드(ISO 2자리),외교관계,공관현황,투자현황,교민현황,공적개발원조(ODA)현황,수출액,수입액
가나,Ghana,GH,1977.11.14. 수교,"아국 : 상주공관('78.5.4), ※ 임정택 대사('20.12.1 . 신임장 제정, '21.11. 부임), 상대국 : 상주공관('99.11.8), ※ 카리스 오베체비-램프티 즈웨네스(Charis Obetsebi-Lamptey Zwennes) ('21.5.27 아그레망 부여, 7.21 부임)","45건, 1.37억달러('21월말 누계, 수출입은행)",약 436명('22.2월)," 2.75억달러('87-'20, OECD), (무상) 1.24억달러 / (유상) 1.85억달러",274000000,33000000
가봉,Gabon,GA,1962.10.01. 수교,"* 아국 : '73.5. 설치, 류창수 대사('19.11월 부임), * 상대국 : '75.6. 설치, 카를로스 빅터 붕구(Carlos Victor Boungou) 대사('11.11.25. 신임장 제정, 현재 주한외교단장 겸 주한아프리카외교단장)","2건, 9백만 불('21 누계, 수출입은행)",약 50여명(‘21),423만 불(2010-2021),8000000,602000000
가이아나,Guyana,GY,"1968.06.13. 수교일자, 1966.05.26. 독립과 동시에 우리나라 승인, 1986.09.30. 최광수-Jackson 양국 외교장관 회담, 2018.03.19. 이낙연 총리-Granger 대통령 회담",,,한인 체류자수(2019)：0명,,13000000,1150000
감비아,Gambia,GM,1965.04.21. 수교,"* 아국 : 주세네갈(대) 겸임,   - 주감비아명예영사 : Muhammed Jah('16.1 임명), * 상대국 : 주중국감비아(대) 겸임",,36 명('20),420만불('87-'19),3000000,4000000
과테말라,Guatemala,GT,1962.10.24. 수교일자,"- 1974.09 주과테말라 상주대사관 개설, - 1977.10주한 과테말라 대사관 개설, - 2021.12  장하연 대사 부임","약 150개 업체 진출(주로 섬유, 봉제업)","약 5,629명",,384000000,138000000
교황청,Vatican,VA,"1947.08. 교황사절 Patrick Byrne 신부 한국 파견(동 신부는 한국전쟁중 납북되어 순교되었고, 주교로 추서), 1963.12. 외교관계 수립(공사급), 1966.09. 대사급 외교관계 격상",,,,,,
그레나다,Grenada,GD,"1974.08.01. 수교, 1979.03. 관계 동결(좌익 쿠데타 성공후 인민혁명정부 수립), 1984.05. 관계 정상화","- 1999.02. 주트리니다드토바고 대사관 폐쇄로 주베네수엘라 대사관 관할 편입, - 2008.07. 주트리니다드 토바고 대사관 겸임",,약 60명(2021),,2300000,100000
그리스,Greece,GR,1961.04.05. 수교일자,"* 공관장 : 이정일 대사(2021.06.),  - ※ 주한그리스대사(내정자) : 에카데리니 루파스(Ekaterini Loupas, 2021.11.)","* (한국수출입은행),  - 對한 투자 : 11백만불(9건, '20년 누계),  - 對그리스 투자 : 17백만불(89건, '20년 누계)",- 동포현황 : 292명 (2020),,870000000,800000000
기니,Guinea,GN,2006.08.28. 수교,"아 국 : 주세네갈(대)겸임(김지준 대사), 상대국 : 주일본(대)겸임, ※ 주기니명예영사 : Ibrahima Kassus DIOUBATE(‘08.5.12 최초임명)","11건, 170만불('21 누계, 수출입은행)",75명('20),697만불('87~19),27000000,77000000
기니비사우,Guinea-Bissau,GW,1983.12.22. 수교,"아국 : 주세네갈(대)겸임, 상대국 : 주중국(대)겸임","2건, 50.2만불('19 누계, 수출입은행)",12명('20),196만불('87-'19),417000,2460000
나미비아,Namibia,NA,1990.03.21. 수립,"우리측 : 주앙골라대사(김창식) 겸임, 나미비아측 : 주일대사(Morver Luswenyo) 겸임","2건, 67.6만불(‘19 누계, 수출입은행)",31명('19),"279만불(‘87-‘19, OECD DAC)",8000000,29000000
나우루,Nauru,NR,1979.08.20. 수교일자,상주대사관 미설치(주피지대사관이 겸임),,5명(2019),,1730000,3640000
나이지리아,Nigeria,NG,1980.02.22. 수립,"* 아국 : 상주공관('80.03)(김영채 대사), * 상대국 : 상주공관('87.12), - Ali Mohammed Magashi 주한대사('21.5월 부임),, - 나이지리아 한국문화원 개원('10.5)","46건, 3억불('21 누계, 수출입은행)","428명('19), ※라고스, 포타코트 등 근로자 350명('19.4월)","94.53백만불('88-'20), 전체 수원국 중 40위",963000000,974000000
남수단,South Sudan,SS,2011.07. 수교,아국 : 주우간다(대) 겸임,,10명(20.5월),"2,379 만불 지원('11-'19)",974000,1000
남아프리카공화국,South Africa,ZA,1992.12.01. 수교,"- 제11대 주남아공 박철주 대사('20.12 부임), - 제7대 주한대사: Zenani Nosizwe Dlamini('19.10부임)","420백만불, - 한국→남아공: 326백만불 ('20누계, 수출입은행), - 남아공→한국: 94백만불 ('20누계, 산업통상자원부)","약 3,357명('21)",918백만불('87-'20),990000000,262000000
네덜란드,Netherlands,NL,"1961.04.04. 외교관계 수립, 1968.12.24. 주한네덜란드대사관 개설, 1969.10.15. 주네덜란드대사관 개설","* 공관현황,  - 주네덜란드대사 : 정연두 대사(2019.12. 신임장 제정),  - 주한네덜란드대사 : 요안느 돌느왈드(Joanne Doornewaard) 대사(2019.11. 신임장제정)","* (누계, 신고기준),  - 對네덜란드 : 1,069건, 178억불(2020, 수출입은행),  - 對한국 : 1,822건, 329억불(2021, 산업통상자원부),  - ※ 다만, 네덜란드 조세법상 세제 혜택으로 여타국의 우회 투자 비중 다대","- 재외동포(2021) : 9,473명, - 재외국민 4,453명, - 외국국적동포 5,020명",,5811000000,916300000
네팔연방,Nepal,NP,"1974.05.15. 수교일자, - 박종석 대사(‘20.7월 부임),, - 주한네팔대사(공석)",,"(‘20년)  (신고액기준, 누계),    - 한->네 : 1.08억불,    - 네->한 : 4,391만불",,"- ‘87-'20년간 2억 5,318만불,   (무상 1억 8,984만불, 유상 6,335만불), - ‘20년 지원실적 : 1,424만불,   (무상 1,424만불)",85356,3813
노르웨이,Norway,NO,"1959.03.02. 외교관계 수립, 1972.12. 주노르웨이대사관 개설, 1980.06. 주한노르웨이대사관 개설","공관장, 	- 주노르웨이 대사 : 김필우(‘21.6월~), 	- 주한 대사 : 프로데 솔베르그(Frode Solberg) (‘18.7월~)","* (2020누계, 신고 기준),  - 對노르웨이 : 96건, 19.88억불(수출입은행),  - 對한 국 : 186건, 5.72억불(산업통상자원부)","- 교민현황 : 7,744명(2021),    영주권자(351명), 일반체류자(400명), 유학생(127명), 시민권자(6,866명), - 한국입양인 현황 : 6,517명",,814000000,2919000000
뉴질랜드,New Zealand,NZ,1962.03.26. 수교일자,," - 對뉴질랜드 투자 : 5.43억불(20.09.),  - 對한투자 : US$ 1.67억불(2020.12.)","38,114명(2019.)",,1460000000,1180000000
니우에,Niue,NU,없음(주뉴질랜드대사관에서 관할),,,,- 원조현황 : 34만불(1987.-2018. 누적액),,282000
니제르,Niger,NE,1961.07.27. 수교,"아국 : 주코트디부아르 대사관 겸임 ('85.1 상주공관 개설, ’89.5 폐쇄), 상대국 : 주중국 대사관 겸임","1건, 4천불('21 누계, 수출입은행)",20명('20.7),922만불(‘87-‘19) 아프리카28위,4300000,2120000
니카라과,Nicaragua,NI,"1962.01. 외교관계 수립, 1979.08. 「산디니스타」정권 수립이후 외교관계 동결, 1990.08. 외교관계 정상화, 1995.06. 주한니카라과 상주대사관 개설, 1997.05. 주한대사관 폐쇄(동경 상주), 2007.12. 주니카라과상주공관개설(이상팔 초대대사), 2014.07. 주한니카라과 상주대사관 재개설 ('14.4월 Jorge Arnesto Alm 대사 부임), 2021.02. 로드리고 코로넬 킨로치(Rodrigo Coronel Kinloch) 주한대사 부임, 2021.12. 신성기 대사 부임",,"* (2021),  - 섬유 ·의류 업체 및 협력업체 진출,   - 투자액 : 88백만불,   - 투자기업 : 한세, 신성, 한솔 등",약 730명(2021),19백만불(87-18년간 누계),79000000,50000000
대만,Taiwan,TW,"양자관계 현황, 1949.01. 외교관계 수립, 1992.08. 외교관계 단절, 1993.07. 비공식관계 수립합의 후 상호대표부 설치 운영, - 주 타이베이 한국대표부(1993.11.), - 주한 타이베이대표부(1994.01.)",,"- 對대만 투자 : 27.7억불, - 對한국 투자 : 32.2억불","- 대만 체류 우리 교민 약 7,100명 (유학생, 영주교민, 상사주재원 등), - 한국 체류 대만인 약 32,000명",,16460000000,17840000000
덴마크,Denmark,DK,"1959.03.11. 외교관계 수립, 1972.04.05. 주덴마크대사관 개설, 1978.06.14. 주한덴마크대사관 개설","- 주덴마크대사 : 박상진 대사(2019.09. 신임장 제정), - 주한대사 :아이너 히보고오 예센(Einar Hebog rd Jensen)대사(2019.11. 신임장 제정)","* (~2020누계, 신고 기준),  - 對덴마크 : 71건, 1.51억불(수출입은행),  - 對한국 : 253건, 10.86억불(산업통상자원부)","- 재외동포 : 9,581명(2019)",,439000000,936000000
도미니카공화국,Dominican Republic,DO,1962.06.06. 수교일자,"- 1980.12  주도미니카(공) 상주대사관 개설, - 1983.03  주한도미니카(공) 상주대사관 개설, - 2020.07  이인호 제15대 대사 부임",,약 551명(2021년),,311000000,92000000
도미니카연방,Dominica,DM,1978.11.03. 수교,1999.02.20주트리니다드토바고 대사관 폐쇄로 주도미니카(공) 대사관 관할로 편입,,,,3300000,500000
독일,Germany,DE,"1883.11.26. 통상우호 항해조약 체결, 1955.12.01. 상호 국가승인, 1958.08.01. 공사관을 대사관으로 승격","* 공관장,  - 주독 조현옥대사(2020.11. 부임),  - 주한 독일 대사 : 미하엘 라이펜슈툴(Michael Reiffenstuel) 대사(2020.08. 부임)","* (누계, 2020. 9. 신고기준),  - 대독투자 : 76억불(1,572건),  - 대한투자: 145억불(2,188건)","44,864명 (2019)",,9580000000,20680000000
동티모르,Timor-Leste,TL,"2001.06.25. 주동티모르 대한민국대표부 개설, 2002.05.20. 수교(건국과 동시에 수교), 2002.08.21. 대사관 승격, 2009.02.24. 주한동티모르대사관 개설","- 김정호 주동티모르 대사(2020.11. 부임), - Gregorio Jose da Conceicao Ferreira de Sousa 주한 동티모르대사(2021.10. 부임)","* (신고기준, ~2021년 누계),  - 대 동티모르 : 4,195만 달러, 56건(한국수출입은행),  - 대 한국: 없음(산업통상자원부)","- 동티모르 내 한국인: 123명(외교부, 2020), - 한국 내 동티모르인: 2,160명(법무부, 2020)","무상원조 : 1,098만 $(2020년 총지출 기준, OECD)",1870000,260000
라오스,Laos,LA,"1974.06.22. 수교, 1975.07.24. 라오스의 공산화로 단교, 1995.10.25. 재수교, 1996.09.19. 상주대사관 개설","* 상주대사관,  - 공관장 : 임무홍 대사(2020.12. 부임),  - 주한 공관장 : 티엥 부파(Thieng Boupha) 대사(2019.02. 부임)","* (신고기준, 2021. 누계),  - 대 라오스 : 12.2억 달러, 481건(수출입은행),  - 대 한국 : 150만 달러, 3건(산자부)","- 라오스 내 한국인 : 1,502명(2021, 외교부), - 한국 내 라오스인 : 1,031명(2020, 법무부)",,71000000,49000000
라이베리아,Liberia,LR,1964.03.18. 수교,"아국 : 주나이지리아 대사관 겸임, ※ 1973.07   주라이베리아 한국대사관 설치, ※ 1992.03   주라이베리아 한국대사관 폐쇄, 상대국 : 주일본 대사관 겸임, ※ 1983   주한 라이베리아 대사관 설치, ※ 1991.09   주한 라이베리아 대사관 폐쇄"," 25건, 2.1억불('21 누계, 수출입은행)","41명(수산업, 건설원자재업)('19)","1,478만불('87-'20)",2134000000,9000000
라트비아,Latvia,LV,"2019.11. 한성진 주라트비아 대사부임, 2019.03. 주라트비아 리가분관 정식 대사관 승격, 2016.01. Vaivars 주한 라트비아대사 부임, 2015.09. 주한 라트비아 대사관 개설, 2012.10. 주스웨덴 대사관 리가분관 개설, 1991.10.22. 외교관계 수립","공관장, 	- 주라트비아대사 : 한성진 대사(‘19.11월~), 	- 주한대사 : 아리스 비간츠(Aris Vigants) 대사(‘20.12월~)","* (2020누계, 신고 기준),  - 對라트비아 : 7건, 800만불(수출입은행),  - 對한국 : 2건, 153만불(산업통상자원부)","46명 (2021), -  삼성전자 및 LG전자 상사주재원과 가족, 교환학생 등으로 구성 ",,75000000,123000000
러시아,Russia,RU,1990.09.30. 수립,"* 공관설치 : ’90.10월 주소련 대한민국 대사관 개설,  - ※ ’19.5월 이석배 제14대 주러시아대사 부임, * 주한공관 설치 : ’90.12월 주한소련대사관 개설,  - ※ ’18.8월 쿨릭(Andrey Kulik) 제9대 주한 러시아대사 부임","- 對러 투자현황(~‘21.3분기까지 누계, 신고액 기준) : 40.24억불, - 對한 투자현황(~‘21.3분기까지 누계, 신고액 기준) : 2.19억불","- 고려인(’20) : 163,684명, - 재외국민(’20) : 4,842명",,9980000000,17350000000
레바논,Lebanon,LB,1981.02.12. 수교일자,"* 주레바논한국대사관 ’82.4 개설,  - ’18.11 박일 대사 부임, * 주한레바논대사관 ’94.8 개설,  - '18.1 Antoine Azzam 대사 부임",,"172명('21.5) *동명부대원, UNIFIL 파견장교, 군무원 등 제외",,80000000,20000000
레소토,Lesotho,LS,"1966.12.07. 수교, 1983.06.27. 외교관계 정지 (-1986.02.02)","우리측 : 주남아공대사 겸임, 레소토측 : 주일본대사 겸임","21만불('21 누계, 수출입은행)",수도 마세루에 약 7명 거주,281만불('87-'20),1768000,154000
루마니아,Romania,RO,1990.03.30. 수교일자,"* 공관장,  - 주루마니아 대사 : 김용호 대사 (2019.05. 부임),  - 주한 루마니아 대사 : 체자르 마놀레 아르메아누(Cezar Manole Armeanu) 대사 (2021.10. 부임)","* ('20년, 신고기준 누계 / 산업부, 수출입은행),  - 對루 투자 : 11.2억불,  - 對한 투자 : 110만불",,,505000000,531000000
룩셈부르크,Luxembourg,LU,"1962.03.16. 수교일자, - 아측 : 주벨기에 대사 (윤순구 대사, 2019.12. 부임)겸임, - 룩측 : 주일룩셈부르크 대사(피에르 페링(Pierre Ferring), 2019.05.31. 신임장제정)",,"* (~ 2020누계, 신고기준),  - 대룩투자 : 741건, 217.9억불(수출입은행),  - 대한투자 : 318건, 48.7억불(산업통상자원부)",- 교민 및 체류자 : 820명(2019),,18000000,75000000
르완다,Rwanda,RW,"1963.03. 수교, * 1975.5.31-1987.9.10간 외교관계 정지","아국 : 상주공관('2011.5.11 개설), ※ 채진원 대사, ※ '1972 개설, '1975 철수, '1987 재개설, '1990폐쇄, 상대국 : 상주공관 개설('2009.3.30개설), ※ Dalia Yasmin Sued 대사('2019.11.14 신임장 제정)"," 13건, 1,847만불('87-'20누계, 수출입은행)",190여명 ('20),"'1991-'2019간 총 15,786만불 지원",12000000,2000000
리비아,Libya,LY,1980.12.29. 수교일자,"우리측 : 상주 공관('81.03.), 대사관 피격 및 철수('15.04., 튀니지), ※ '20.12. 이상수 대사 부임, 리비아 : 상주 공관(81.11), ※ '07.10. 주한경제협력대표부로 변경, ※ '12.06. 대사관으로 승격, ※ '19.07 Youssuf Ben Youssuf 대사대리 부임, ※ '20.11 (現)Hosameddin Elnaeli 임시 대사대리","* 한국 → 對리비아('68~'19.09.) : 5.33억불 (109건, 한국수출입은행), * 리비아 → 對한국('62~'19.09.) : 1,789.4만불(197건, 산업통상자원부)",6명('20.12.),,340000000,20000000
리투아니아,Lithuania,LT,1991.10.14. 외교관계 수립,"- 주폴란드 대사가 리투아니아 겸임, - 주중국 리투아니아대사가 한국 겸임, - 선미라 주폴란드대사(2018.11. 부임), - 이나 마르치울리오니테(Ina Mar iulionyt ) 주중대사(2016.11. 부임)","* (2020년 누계, 신고 기준),  - 對리투아니아 : 9건, 321만불(수출입은행),  - 對한국 : 9건, 48만불(산업통상자원부)",107명 (2018 기준),,249000000,82000000
리히텐슈타인,Liechtenstein,LI,"1993.03.01. 수교, - 우리측은 주스위스 대사관에서 겸임, - ‘리’측은 주한 스위스대사관에서 대리",,"* 對한국투자(2019년, 산업통상자원부),  - 투자건수(금액) : 20건(14백만불)",,,12050000,10360000
마다가스카르,Madagascar,MG,"1962.06.25. 수립, ('72.7월 관계 단절, '93.5월 관계정상화, '16.7월 공관개설)",마다가스카르 : 상주공관 없음(주일대사 겸임),"12개 법인, 26억불('21 누계, 수출입은행)",약150명('22),6천만불('93-'20),34000000,55000000
마셜제도,Marshall Islands,MH,1991.04.05. 수교일자,상임대사관 없음(주피지대사관에서 겸임)," - 對마셜제도 투자 : 33.85억불(1996.-2019. 누계신고액) ※해외직접투자통계,  - 對한국 투자 : 229.9만불(2009.-2019. 누계신고액) ※산업통상자원부",약 25명(2019.),,4830000000,93800000
마이크로네시아연방,Federated States of Micronesia,FM,1991.04.05. 수교일자,상주공관 미설치 (한측은 주피지대사관에서 겸임 / 마측은 중국에서 겸임), - 對마이크로네시아 : 373만불 (1984.-2019. 누계신고액) ※해외직접투자통계,37여명(2019.),원조현황 : 568만불(1987.-2019. 누적액)  ※외교부,7450000,226000
말라위,Malawi,MW,1965.03.09. 수립,"우리측 : 주짐바브웨 대사 겸임, 말라위측 : 주일본대사 겸임",,약 130여명('20.7월)," 2,840만불 ('87-'19), '2015년 홍수피해 15만불 긴급 물자 지원, '2016년 가뭄피해 10만불 지원, '2019년 홍수피해 10만불 지원",8000000,26000000
말레이시아,Malaysia,MY,"1960.02.23. 외교관계 수립, 1962.05. 주말레이시아 대사관 설치, 1964.04. 주한 말레이시아대사관 설치"," - 이치범 주말레이시아대사(2019.11. 부임),  - 주한말레이시아대사 공석","(2021, 신고기준),  - 대 말레이시아 : 2.4억 $, 75건 (한국수출입은행),  - 대 한국 : 4.1억 $, 12건 (산업통상자원부)","- 말레이시아 내 한국인: 13,632명(외교부, 2020), - 한국 내 말레이시아인 : 5,470명(법무부, 2020)","- 무상원조 303만 $(2020년 총지출기준, OECD)",10100000000,10500000000
말리,Mali,ML,1990.09.27. 수교,"아국 : '91.10월(주세네갈대사 겸임), ※ 김지준 대사('21.06.13. 부임), ※ 주말리 명예영사 : Mamadou SIMAGA('16.1월 임명), 상대국 : '93.12(주일본대사 겸임), ※ Mohamed El Moctar 대사"," 3건, 576만불('21 누계, 수출입은행)",26명('20),82.23백만불('87-'19),18000000,1000000
멕시코,Mexico,MX,"1962.01.26. 외교관계 수립, 1962.07. 주멕시코 상주대사관 개설, 1978.03. 주한 상주대사관 개설",,"* 투자 및 기업진출현황(2021),  - 한국 → 멕시코 65.6억불,  - 멕시코 → 한국 55백만불,   * 기업진출현황 : 기아, 가전업체(삼성, 위니아, LG), 한국전력, POSCO 등 430여개","약 11,107명(2021년)",,11289000000,7887000000
모나코,Monaco,MC,2007.03.20. 수교(수교서한 상호 교환),주프랑스대사가 모나코 겸임,"* (누계, 신고기준),  - 對모나코 : 2건, 2.91억불(수출입은행, 2018),  - 對한국 : 2건, 105만불(산업통상자원부, 2019)",,,414000,1292000
모로코,Morocco,MA,1962.07.06. 수교일자,"우리측 : 상주('62.09. 개설) / '21.07. 정기용 대사 부임, 상대국 : 상주('88.12. 개설) / '16.11. Chafiq Rachadi(샤피크 라샤디) 대사 부임","19.09., 누계, 신고기준, 對모로코: 3억불(100건), 對한국: 282만불(33건)",352명 ('21),,270000000,170000000
모리셔스,Mauritius,MU,1971.07.03. 수교,"아국 : 주마다가스카르대사 겸임, ('85 상주공관 개설, '92 폐쇄), 상대국 : 주중모리셔스대사 겸임, ※ 주모리셔스 명예영사 별무","13개법인, 1.27억불('20누적, 수출입은행)",63명('21),"76만불('87-'18, 무상원조)",34480000,9180000
모리타니아,Mauritania,MR,"1963.07.30. 수교, 1964.12.10. 외교관계 단절 (북한외교 등 이유), 1978.12.18. 외교관계 재개 합의, 1979.11.05. 공관 개설, 1992.12.31. 공관 폐쇄","우리측 : 모로코 상주('18.07. 윤성덕 대사 부임), 모리타니아 : 일본 상주(El Hacen ELEYATT대사)",,61 명('21),,6600000,27000000
모잠비크,Mazambique,MZ,1993.08.11. 수립,"우리측 : 여성준대사(2019.1.16. 신임장제정), 모잠비크측 : 주일본대사 겸임","8개사, 43백만불('19, 수출입은행)",100명 (2020.12월),,59000000,159000000
몬테네그로,Montenegro,ME,"2006.06.21. 국가승인, 2006.09.04. 외교관계 수립","주세르비아대사관에서 겸임, - 최형찬 주세르비아 대사 겸임, - Darko Pajovic 주중국 대사 겸임",,- 재외동포(2019) : 5명,,2500000,3400000
몰도바,Moldova,MD,1992.01.31. 외교관계 수립,"* 공관장,  - 권기창 대사(주우크라이나 겸임),  - 몰도바측: Bumacov 대사(주일본대사 겸임)",,"- 재외동포수(2020) : 12명, - 고려인수(2020) : 70여명",,5000000,7000000
몰디브,Maldives,MV,1967.11.30. 수교일자,,7건 207만불(몰디브 對韓투자 별무)(2016. 누계),약 30명(2019. 대부분 관광사 · 리조트 직원),"* 경제협력 현황,  - 1991. 이후 550만불의 무상원조,  - ※ 지진 · 해일피해 복구지원 : 2005.-2007. 3백만불 지원",9030000,460000
몰타,Malta,MT,"1965.04.02. 외교관계 수립, - 주이탈리아관 (권희석 대사)가 몰타 겸임, - Mark Spiteri 주한대사(몰타 상주)",,"* (~2019.12 누계, 신고기준),  - 對몰타 : 15건, 4.6천 만불(수출입은행),  - 對한국 : 247건, 159.57억불(산업통상자원부)","192명(2019, 외교부)",,712000000,68000000
몽골,Mongolia,MN,1990.03.26. 수교,"- 1990.06.18. 주몽골 한국대사관 개설, - 1991.02.01. 주한 몽골대사관 개설",對몽골투자(2020.03. 누계) : 4.9억불,,,270000000,20000000
미얀마,Myanmar,MM,"1961.07.10. 수교일(영사급), 1975.05.16. 수교일(대사급)","* 상주 대사관,  - 강금구 대리대사(2022.1. 부임),  - 딴 신(Thant Sin) 대사(2019.03. 부임)","* (신고기준, 2021년),  - 대 미얀마 : 132,584 천 불, 40건 (수출입은행),  - 대 한국 : 261천 불, 3건 (산자부)","* (2021),  - 미얀마 내 한국인 : 2,537명 (외교부),  - 한국 내 미얀마인 : 26,096명 (법무부)",,368000000,446000000
미합중국,United States of America,US,"1882.05.22. 조·미 우호통상항해조약 체결, 1949.01.01. 미국, 대한민국 정부 공식 승인","상주 대사관(1949.03.25 설치), 9개 총영사관 및 3개 출장소",,약 255만명(’19),,74120000000,57490000000
바누아투,Vanuatu,VU,1980.11.05. 수교일자,양측 모두 상주공관 미설치(한국은 주파푸아뉴기니 대사관에서 겸임/바누아투측은 본부에서 관할),"* ※해외직접투자통계,  - 對바누아투 : 6,482만불(1989.-2019. 누계신고액) / 1,000만불(2019. 신고액)",64명(2019.) ※외교부,- 원조현황 : 314만불(1987.-2019. 누적액) ※외교부,6500000,16880000
바레인,Bahrain,BH,1976.04.17. 수교,"우리측 : '11년 주바레인대사관 재개설{'20.06. 정해관 대사 부임), 바레인측 : 주중국대사관에서 겸임","한국→바레인 : 1.6억불(57건, 한국수출입은행), 바레인 → 한국 : 19백만불(11건, 산업통상자원부),, 기업: 삼성 ENG 등 10개 업체 진출",주바레인대사관 추정 : 200명 ('21),,382000000,419000000
바베이도스,Barbados,BB,"1966.11.30. 우리나라, 바베이도스 정부 승인, 1977.11.15. 수교","- 1983.08.05 상주공관 설치, - 1984.02.22 장선섭 초대 상주대사 신임장 제정, - 1989.05.31 공관폐쇄(트리니다드토바고 대사관 관할로 편입), - 1999.02.20주트리니다드토바고 대사관 폐쇄로 주베네수엘라 대사관 관할로 편입, - 2008.07.03 주트리니다드 토바고 대사관 겸임",, 3명(2021년),소규모 무상원조 12건(52.98만불),6500000,580000
바하마,Bahamas,BS,"1985.07.08. 수교, 1986.02.25. 주한상주공관 설치, 1989.05.31. 주한상주공관 폐쇄",,,1명(2021년),,875000000,66000
방글라데시,Bangladesh,BD,1973.12.18. 수교일자,,"* (누계/신고금액 기준),  - 對방 투자 : 6.27억불('20),  - 對한 투자 : 1.41억불('20),  * 출처 : 한국수출입은행, 산업통상자원부","1,012명(2019.)",,1640000000,550000000
베냉,Benin,BJ,"1961.08.01. 수교, ※'75.10월 베냉측에서 단교 통보, '90.10월  재수교","아국 : 주가나(대) 겸임(임정택 대사), 상대국 : 주중국(대) 겸임, ※ Simon Pierre Adovelande 주한 대사('18.4월 아그레망 부여), ※ Koffi Denis Nassarah 주베냉명예영사 임명('19.11~)","28백만달러('21 누계, 수출입은행)",27명('21),538만달러(1991-2019년),39000000,16000000
베네수엘라볼리바르,Venezuela,VE,1965.04.29. 수교일자,"- 1973   주베네수엘라 상주대사관 개설, - 1983   주한 상주대사관 개설",,약 185명,,19000000,14000000
베트남,Vietnam,VN,"수교, 1955.10. 월남공화국 승인, 1956.05. 외교관계 수립, 1975.04. 대사관 철수(월남 패망 직전), 1992.12. 외교관계 수립","* 1992.12. 상주 대사관 설치,  - 공관장 : 박노완 대사(2019.10. 부임),  - 주한 공관장 : 응우옌 부 뚱(Nguyen Vu Tung) 대사(2020.08. 부임)","* (신고기준, ~2019. 누계),  - 대 베트남: 380억 달러, 22,232건(수출입은행),    ※ 베트남 외국인투자청 통계(2018. 누계): 626억 불,  - 대 한국: 0.68억 달러, 193건(산자부)","(2020),  - 베트남 내 한국인 : 156,330명(외교부),  - 한국 내 베트남인 : 211,243명(법무부)",,56700000000,24000000000
벨기에,Belgium,BE,"1901.03.23. 수호통상조약 체결, 1961.05.02. 대사급 외교사절 교환 합의","* 공관장,  - 주벨기에 대사 :  윤순구 대사(2019.12. 부임),  - 주한 벨기에 대사 : 프랑수아 봉땅(Francois Bontemps) 대사(2021.09.03. 부임)","* (~2020누계, 신고기준),  - 대벨 : 177건, 29.18억불(수출입은행),  - 대한 : 257건, 39.81억불(산업통상자원부)","5,139명(2019, 외교부)",,2753000000,1552000000
벨라루스,Belarus,BY,1992.02.10. 외교관계 수립,"※ 상주공관설치, - 주벨대사관(07.12 설치,제 5대 태준열 대사), - 주한벨대사관(97.12설치,제 4대 안드레이 포프코브(Andrei Popkov) 대사)",,"약 1,333명(2020)",,66000000,81000000
벨리즈,Belize,BZ,1987.04.14. 수교,주엘살바도르대사관 겸임(2014),,약 15명,,4200000,2800000
보스니아헤르체고비나,Bosnia-Herzegovina,BA,"1995.12.15. 대사급 외교관계 수립, - 우리측 : 김동찬 주크로아티아대사가 겸임,  - * 2009년 이전에는 주헝가리 대사가 겸임, - 보스니아측 : 시니샤 베랸(Sini a Berjan) 주일본 대사 겸임",,,- 동포현황(2019) : 14명,,10200000,23600000
보츠와나,Botswana,BW,1968.04.18. 수교,"우리측 : 주남아공 대사 겸임 (박종대 대사), 보츠와나측 : 주일대사 겸임","6.6만불(한->보츠와나: 6.6만불)('19 누계, 수출입은행)",112명('19),,2000000,
볼리비아,Bolivia,BO,1965.04.25. 수교,"- 주볼리비아 대사관: ‘98.12.31 공관 철수 후 '08.9.16 재개설 (‘21.7.19 김기홍 대사 신임장 제정), - 주한 대사관: '99.5월 공관 철수 후 '14년 재개설",,약 650명,,50000000,270000000
부룬디,Burundi,BI,1991.10.03. 수립 (뉴욕),"우리측 : 주르완다대사 겸임(채진원 대사), 부룬디측 : 주중국대사 겸임(Martin Mbazumutima)"," 1 건, 76만불('18-'20누계, 수출입은행)",19명('20),509만불('91-'19),3000000,
부르키나파소,Burkina Faso,BF,1962.04.20. 수교,"아국 : 주코트디부아르 겸임, ('85.01 상주공관 개설, '89.05 폐쇄), 부르키나파소측 : 주일본대사관 겸임",,,768만불('87-'19),35000000,5000000
부탄,Bhutan,BT,1987.09.24. 수교일자,,,,"* 무상원조 현황(2018.),  - 1991.-2018. 총 993만불 지원",1103,168
북마케도니아,North Macedonia,MK,2019.07.18. 외교관계 수립,,,,,7940000,8430000
불가리아,Bulgaria,BG,1990.03.23. 수교일자,"* 공관현황,  - 주불 대사 : 이호식 대사(2021.6월 부임),  - 주한 대사 : 페트코 드라가노프(Petko Draganov, 2019.8월 부임)","- 대불투자 : 2.72억불(116건) / 삼성물산, 남동발전 등(누계, 2020. 9. 신고기준), - 대한투자 : 140만불(8건) / 카오스그룹(소프트웨어 개발) 등(누계, 2020. 9. 신고기준)",약 230명(2019),,157000000,209000000
브라질,Brazil,BR,1959.10.31. 수교,"* 공관창설,  - 1962.7.11 : 주브라질 상주 한국대사관 개설,  - 1965.5 : 주한국 상주 브라질대사관 개설, * 대사,  - 주브라질대사 : 임기모(2021.6월 부임),  - 주한브라질대사 : Luis Lopes(2018.10월 부임)","* (2020),  - 총누계투자 : 99억불,  - 주요 투자기업 : 삼성전자, LG전자, 현대차, CJ, 동국제강, 현대중공업, 하나마이크론 등","약 50,000명",,4000000000,4200000000
브루나이,Brunei,BN,"1981.01. 상주대사관 설치, 1984.01.01. 수교","- 김성은 대사(2021.06. 부임), - Pengiran Hajah Nooriyah 대사(2019.05. 부임)",," - 브루나이 내 한국인 : 164명 (외교부, 2020),  - 한국 내 브루나이인 : 52명 (법무부, 2020)",,45640000,122520000
사모아,Samoa,WS,1972.09.15. 수교일자,"양측 모두 상주대사관 미설치 (한국측은 주뉴질랜드 대사관에서 겸임, 사모아측은 주중국 대사관에서 겸임)","* ※해외직접투자통계,  - 對사모아투자 : 39백만불(1987.-2019. 누계신고액)",없음,- 원조현황 : 5.85백만불(1987.-2019. 누적액) ※외교부,32400000,2100000
사우디아라비아,Saudi Arabia,SA,1962.10.16. 수교,"* 아국 : 상주(73.7월 젯다), - '84.09 대사관 리야드 이전, - '21.06 박준용 대사 부임,  ** 젯다는 총영사관 운영중, * 사우디측 : 상주(74.4월), - Riyad Al-Mubaraky대사 부임(16.3월)",,"약 1,864명(거주증 소지자 기준)('20)",,3300000000,16000000000
사이프러스,Cyprus,CY,1995.12.28. 외교관계 수립,"- 주그리스 한국대사관(이정일 대사(2021.06.), 사이프러스 겸임, - 사이프러스측 : 주중국 사이프러스 대사(안토니스 투마치스 대사(2018.05.) 겸임",,50명(2020),,30600000,79700000
산마리노,San Marino,SM,"2000.09.25. 외교관계 수립, ","- 주이탈리아대사가 산마리노 겸임, - 2003.02. : 주한 산마리노 명예총영사 임명",별다른 실적 없음,1명(2019),,69000,3072000
상투메프린시페,S o Tom  & Principe,ST,1988.08.20. 수교,"아국 : 주가봉(대) 겸임, 류창수 대사('19.11월 가봉대사 부임, 상대국 : 본국 외무부 관할",,0명,,403000,67000
세네갈,Senegal,SN,1962.10.19. 수교,"아국공관 : 상주('73.5.4), 김지준 대사('21.06월 부임), 상대국공관 : 상주('07.8.2) Abdou Salam DIALLO(압두 살람 디알로) 대사 내정자('22.2. 부임), ※ 주한명예영사 : 구제병 ㈜경인기계 회장","18건,   2.1천만불('21년 누계, 수출입은행), - 진출업체 : 동원산업, 삼성전자, 미성상사 등",270명('20),87-'19간 유무상원조 누계 247백만불,77000000,41000000
세르비아,Serbia,RS,1989.12.27. 수교일자,"- 1998.06 : 주유고대사관 폐쇄(주루마니아 대사관 겸임), - 1999.03 : 주한유고대사관 폐쇄(주일 유고 대사관 겸임), - 2002.03 : 주유고대사관 재개설, - 2004.11 : 주한세르비아대사관 재개설, - 주한대사소환(08.3.30) 및 귀임(08.10.20), * 공관장 현황,  - 최형찬 주세르비아대사(2018.11. 부임),  - Zoran Kazazovi  주한대사(2014.08.08. 신임장 제정)","* 누계(2018),  - 對세 : 1,264만불",150명(2019),,200000000,170000000
세이셸,Seychelles,SC,"1976.06.28. 수교, ※ 친북성향의 Rene 정부는 10.26사건 및 5.18 민주화운동을 이유로 '80.05 단교, '95.02.02 복교","우리측 : 주에티오피아대사 겸임, ※ 주세이셸명예영사 : Conrad Benoiton('11.09 위촉), 세이셸측 : 주중대사(Vivianne FOCK TAVE), ※ 주한명예총영사 : ㈜인오션M&C대표이사 정동창('06.12)","3건, 25만불('21년 누계, 수출입은행)",2명('22),54만불('87-'18),12230000,3520000
세인트루시아,St. Lucia,LC,"1979.02.23. 수교, 1999.02.20. 주트리니다드토바고 대사관 폐쇄로 주도미니카 공화국 대사관 관할로 편입, 2008.07.03. 주트리니다드 토바고 대사관 겸임",,,4명,,3800000,1200000
세인트빈센트그레나딘,St. Vincent & the Grenadines,VC,"1979.10.28. 수교, 1999.02.20. 주트리니다드토바고 대사관 폐쇄로 주도미니카 공화국 대사관 관할로 편입, 2008.07.03. 주트리니다드 토바고 대사관 겸임",,,,,2200000,140000
세인트키츠네비스,St. Kitts-Nevis,KN,1983.09.19. 수교,- 1999.02.20  주트리니다드토바고 대사관 폐쇄로 주도미니카(공) 대사관 관할로 편입,,,,4000000,20000
소말리아,Somalia,SO,"1987.09.25. 수립, 1987.12.31. 주소말리아 상주대사관 개설, 1992.03.31. 대사관 폐쇄 (현재 주케냐대사관에서 겸임)","우리측 : 주케냐대사 겸임, 소말리아측 : 공관 부재",없음,없음('19)(※ 2007.8월 이래 여행금지국가로 지정),9.94백만불('87-'20),15000000,1000000
솔로몬제도,Solomon Islands,SB,1978.09.15. 수교일자,,"* ※해외직접투자통계,  - 對솔로몬 투자 : 4,831만불(1983.-2019. 누계신고액) / 341.2만불(2019. 신고액),  - * 우리 기업 진출 현황 : 이건산업(벌목, 조림사업)",약 74여명(2019.) ※외교부,"- 원조현황 : 1,974만불(1987.-2019. 누적액) ※외교부",37000000,11000000
수단,Sudan,SD,1977.04.13. 수교('1976.04.21. 총영사관 개설),"우리측 : '1977.4.13 주수단 한국대사관 개설, * 주수단한국대사 : 이상정 대사(19.11~), 수단측 : '1990.11.2 주한 수단대사관 개설(현재 대사직 공석), ","1억 57백만불,   - 힌->수단: 1억 49백만불('21 누계, 수출입은행),   - 수단->한: 7.6백만불('21 누계, 산자부)",40명('21),"62.92백만불('89-'20, OECD DAC, 무상)",153000000,13000000
수리남,Suriname,SR,1975.11.28. 수교,- 1993.06.30  공관 폐쇄(주베네수엘라 대사 겸임),,교민현황(2019) : 52명,,17790000,5790000
스리랑카,Sri Lanka,LK,1977.11. 수교일자,,"* 외국인직접투자(FDI) 현황(신고기준),  - 한→스(2019.) : 100만불,  - 스→한(2019.) : 28.9만불","약 1,000명(2019.12.)",,172000000,110000000
스웨덴,Sweden,SE,1959.03.11. 외교관계 수립,"- 1963.07. : 주스웨덴대사관 개설, - 1973.07. : 주한스웨덴대사관 개설","* (~2020누계, 신고기준),  - 對스웨덴 : 113건, 2.3억불(수출입은행),  - 對한국 : 343건, 26.84억불(산업통상자원부)","* 12,721명(2019), - 재외국민 : 1,722명, - 시민권자 : 10,999명(해외입양인 8,922명 포함)",,921000000,1723000000
스위스,Swiss,CH,1963.02.11. 수교일,"* 공관장 현황,  - 노태강 주스위스 대사(2020.11. 부임),  - Linus von Castelmur 주한 대사(2016.09. 부임)","* (2020. 누계, 신고기준),  - 對스 투자 : 10.5억불,   - ※ 삼상전자, LG전자, 대한항공, 고려제강, LG하우시스 등(주로 판매법인 형태),  - 對韓 투자 : 31.9억불,   - ※ Novartis(제약), Roche(제약), UBS(금융), Swatch Group(시계), Schindler(엘리베이터), Nestle(식품) 등","- 재외동포 수 : 4,051명(2020.), - 영주권자 및 단기체류자: 2,146명, - 스위스 시민권자 : 1,905명",,716000000,2750000000
스페인,Spain,ES,"1950.03.17. 외교관계 수립, 1970.04. 주스페인대사관 개설, 1973.10. 주한스페인대사관 개설","- 주스페인대사 : 박상훈 대사(2020.12.~), - 주한스페인대사 : 후안 모로(Juan Morro) 대사(2018.11.~)","* (~2020누계, 신고기준),  - 對스페인 : 302건, 19억불(수출입은행),  - 對한국 : 233건, 29억불(산업통상자원부)","5,025명(2019, 외교부), - 시민권자 및 영주권자 : 3,109명, - 체류자 및 유학생 : 1,916명",,2300000000,1900000000
슬로바키아,Slovakia,SK,"1990.03.22. 체코슬로바키아와 수교, 1993.01.01. '체코공화국'과 ‘슬로바키아공화국’ 분리에 따라 재수교","* 공관장 현황,  - 정병화 제5대 주슬로바키아대사(18. 11 부임),  - 얀 쿠데르야비(J n Kuderjav ) 제6대 주한대사(18.12 부임)","* 누계(2021.06. 누계, 신고기준 / 산업통상자원부, 한국수출입은행),  - 대슬투자 : 13.83억불(기아차, 삼성전자, 삼성LCD),  - 대한투자 : 33만불","1,483(2020년 기준)",,2210000000,870000000
슬로베니아,Slovenia,SI,1992.11.18. 외교관계 수립,"* 공관장 현황,  - 주슬 대사 : 신재현 주오스트리아대사 겸임(2019.06. 부임),  - 주한 대사(공석) : 야네즈 프레모제 본부대사(Ambassador at Large), 주한 공관 개설 준비중(2021.08.- )","* (2020. 신고기준),  - 對한국 : 860만불(7건) / Kolektor(자동차모터부품),  - 對슬로베니아 : 1,789만불(67건) / 포스코, 현대글로비스 등",55명(2019년),,805000000,113000000
시리아,Syria,SY,우리와 외교관계 없음(~현재),주레바논대사관에서 겸임,,없음(시리아는 여권법상 여행금지국('11.8~현재)),,215000000,25000
시에라리온,Sierra Leone,SL,1962.06.25. 수교,"아국 : 주나이지리아대사관 겸임, 상대국 : 상주공관 (카소스 지바오 마타이(Kathos Jibao Mattai) 대사","3건, 64만불(‘21 누계, 수출입은행)",55명(’19),"3,824만불(’87-‘18, 잠정), 아프리카 21위",8000000,16000000
싱가포르,Singapore,SG,"1970.11. 대표부 설치, 1972.05. 총영사관 승격, 1975.08.08. 수교(대사관 승격)","- 최훈 주싱가포르 대사(2021.06.부임), - 에릭 테오(Eric Teo Boon Hee) 주한 싱가포르대사(2019.08. 부임)","(2021, 신고 기준),  - 대 싱가포르: 14억 $, 330건(한국수출입은행),  - 대 한국: 42억 $, 267건(산업통상자원부)"," - 싱가포르 내 한국인: 20,398명(외교부, 2020),  - 한국 내 싱가포르인: 824명(법무부, 2020)",,14100000000,10700000000
아랍에미리트,United Arab Emirates : UAE,AE,1980.06.18. 수교,"* 우리측 : 상주(’80.12., 아부다비),  - '19.05. 권용우 대사 부임 / 주두바이총영사관(’08.03. 신설),  - '21.06. 문병준 총영사 부임, * 상대국 : 상주(’87.03.),  - '16.11. Al-Nuaimi(알-누아이미)대사 부임",,"9,642명(아부다비 : 5,678명, 두바이 : 3,153명 등)('21)",,3650000000,5690000000
아르메니아,Armenia,AM,1992.02.21. 외교관계 수립,"* 공관장,  - 이석배 주러시아대사(겸임),  - 그란트 포고시안(Grant Pogosyan) 주한대사(동경상주)","- 對아르메니아 투자(2020. 누계 4분기, 신고액 기준) :300만불(2020.)",- 재외동포수(2019.) :373명,,6000000,7000000
아르헨티나,Argentina,AR,"1962.02.15. 수교 일자, 1963.12.15. 공관 창설","* 현 대사,  - 주아 : 장명수 대사('19.10월 부임),  - 주한 : Alfredo Carlos BASCOU(바스쿠 대사, '19.4월 부임)","* (2020),  - 총누계투자 : 6.4억불,  - 지상사 : 포스코 인터내셔널, 한성기업, LG전자, 삼성전자, 제일기획, 한국선급, 포스코, 판토스","약 3만명 (의류 도소매, 봉제업 등 종사)",,332000000,894000000
아이슬란드,Iceland,IS,"1962.10.10. 외교관계 수립, ","- 주노르웨이 대사가 아이슬란드겸임,  - ※ 주레이캬비크 명예총영사 : G sli Guðmundsson, - 주한아이슬란드 대사 : Thorir Ibsen (2021.09. / 북경상주)","* 투자현황(2020. 누계, 신고기준),  - 對아이슬란드 : 7건, 418 백만불(수출입은행),  - 對한국 : 12건, 345만불(산업통상자원부)",- 재외동포 현황 : 22명(2019) (영주권자 : 7명),,29000000,14000000
아이티,Haiti,HT,1962.09.22. 수교,"- 1985.11.25   주아이티 대사관 개설, - 1992.01.31   주아이티 대사관 폐쇄(주베네수엘라 대사관 겸임), - 1998.11   주도미니카공화국 대사관 겸임",,151명(2021년),,85000000,3700000
아일랜드,Ireland,IE,1983.10. 외교관계 수립,"- '87.07 주아일랜드대사관 개설, - '89.09 주한 아일랜드대사관 개설, - 주아일랜드대사 : 권기환 대사(2020.07. 부임), - 주한아일랜드대사 : Julian Clare(줄리안 클레어) 대사(2017.08. 부임)","* (2020. 누계, 신고기준),  - 對아일랜드 : 177건, 92억불(수출입은행),  - 對한국 : 314건, 46억불(산업통상자원부)","2,979명(2019), ※ 다수가 단기 유학생",,924000000,1145000000
아제르바이잔,Azerbaijan,AZ,1992.03.23. 외교관계 수립,"공관장, - 김동업 주아제르바이잔대사(2018.12.), - 람지 테이무로프(Ramzi Teymurov) 주한아제르바이잔대사(2014.08.)","* (2020. 누계, 신고금액기준, 산업부ㆍ수출입은행),  - 對아제르 투자 : 48만불,  - 對한국 투자 : 109만3천불",약 58명(2020.),,72000000,3000000
아프가니스탄,Afghanistan,AF,"1973.12. 수교일자, 1978.09. 단교, 2002.01.31. 외교관계 재개, 2002.09. 주아프간 대사관 재개설, 2004.01. 주한 아프간대사관 개설",,,우리국민(공관원 등 포함) 체류 현황 : 34명(2021.01.),"* 재건지원 주요현황,  - 2002.02. 최초 병력 파견, 2007.12. 철수(220여명),  - 2008.06. 바그람 미군기지내 재건사업 개시(병원 운영),  - 2010.07. 파르완州에 독자적 PRT 활동개시,  - 2011.01. 독자 PRT기지인 차리카 기지 입주,  - 2012.02. 차리카 기지 주요재건시설 개소,  - 2012.12. 차리카기지 아프간 정부로 이양 (바그람 미군기지내 재건사업은 지속),  - 2014.06. PRT 임무 공식 종료,  - 2011-2020. 아프간 군경 역량강화 및 경제사회분야 약 7.25억불 지원중,  - 2021. 군경 및 경제사회분야 총 3,500만불 지원 공약",29860000,1030000
안도라,Andorra,AD,1995.02.23. 외교관계 수립,"- 주스페인대사가 안도라 겸임, - 주스페인대사 : 전홍조 대사(2018.02~)",없음(2017),,,272000,79000
알바니아,Albania,AL,1991.08.22. 수교일자,"* 공관장 현황,  - 우리측 : 이정일 주그리스 대사 겸임,  - 알바니아측 : Selim Belortaja 대사(북경상주)",,"- 동포현황 : 102명(2020), - 대부분 선교사로 수도 티라나에 거주",,20700000,3400000
알제리,Algeria,DZ,1990.01.15. 수교,"* 우리측 : '90.04. 개설,   - '21.06. 김창모 대사 부임, * 상대국 : '92.10. 개설,   - '15.04.02. Derragui 대사 부임,   - '21.07. Tibourtine 대사대리 체제","(신고기준, 누계), - 한국 →알제리: 2.74억불 / 149건('88-'20누적, 한국수출입은-행), - 알제리→한국: 166만불 / 11건('62-'20누적, 산업통상자원부)",650명('20.09.),,254000000,904000000
앙골라,Angola,AO,1992.01.06. 수교,"상주공관 개설, - 2007.7.19 주앙골라 한국대사관 개설, ※ 2019.5 5대 김창식 대사 부임, - 2008.10주한 앙골라대사관 개설, - ※ 2019.8 Edgar Martins 주한대사 부임, ※ 주한 명예영사 : 권영호 Inter-Burgo 회장","16여개 기업, 8753만불('19, 누적)",100여명('20.1월),"207백만불('1987 이후, OECD DAC)",46000000,63000000
앤티가바부다,Antigua and Barbuda,AG,1981.11.01. 수교,- 1999.02.20  주트리니다드토바고대사관 폐쇄로 주도미니카(공) 대사관 관할로 편입,,,,2800000,1200000
에리트레아,Eritrea,ER,1993.05.24. 수교,"우리측 : 주수단 대사 겸임, 에리트레아측 : 주일본 대사 겸임","14.4백만불, 한->에: 7.6백만불('19 누계, 수출입은행), 에->한: 6.8백만불('19 누계, 산자부)",0명 (‘20),"1백만불('87-19, OECD DAC, 무상)",,53000000
에스와티니,Eswatini,SZ,1968.11.06. 수교,"우리측 : 주남아공대사 겸임, 에스와티니측 : 주말레이지아대사 겸임, * 1990.3 주한상주공관 개설했었으나, 1999.7 철수이후 주말레이시아대사가 겸임 중","144만불('19 누계, 수출입은행) ",약 80명 거주('19년 기준),"453만불('19 누계, OECD DAC)",2000000,1000000
에스토니아,Estonia,EE,1991.10.17. 외교관계 수립,"- 주핀란드대사관 에스토니아 겸임, - 주한 에스토니아대사관 개설(2020.12.)","* (누계, 신고기준),  - 對에스토니아 투자 : 2건, 110천불(수출입은행, ~2018),  - 對한 국 투자 : 1건, 87천불(산업통상자원부, ~2020)",76명(2019),,111000000,92000000
에콰도르,Ecuador,EC,1962.10.05. 수교일자,"- 주에콰도르대사 : 고봉우 대사(제17대), - 주한에콰도르대사대리 : 조니 레이노소(Johnny Reinoso)",,약 700명,,380000000,90000000
에티오피아,ETC,ET,1963.12.23. 수교,"- 1965.3 주에티오피아 한국대사관 개설,   ※ '18.1월 임훈민 대사 부임, - 2012.4 주한 에티오피아대사관 재개설,   ※ ‘92.7월 개설, '02.4월 폐쇄(주동경대사관 겸임), '12.3월 재개설,   ※ '2019.1월 쉬페로(Shiferaw) 신임대사 부임","55.3백만불,   - 한->에: 55백만불('21 누계, 수출입은행,    - 에->한: 0.3백만불('21 누계, 산자부)",230명(22.4월),"5억 56백만불('89-'20, OECD DAC),  - 무상 ODA: 3억 22백만불,  - 유상 ODA: 2억 34백만불 ",140000000,81000000
엘살바도르,El Salvador,SV,"1962.08. 수교, 1987.12. 주엘살바도르 상주대사관 개설, 1990.03. 주한 엘살바도르 상주대사관 개설, 2022.03. 추원훈 대사 부임",,"* 진출(2019),  - 투자규모 : 44백만불,  - 14개 업체(주로 봉제업계) 진출,   - 현지고용인원 : 약 7,500명",재외국민 현황(2021) : 178명,,254000000,98000000
영국,United Kingdom,GB,"1883.11.26. 한·영 우호통상조약체결, 1949.01.18. 한·영 재수교","- 주영국대사 : 김건 대사(2020.7월 ~ 현재), - 주한영국대사 : Simon Smith 대사(2018.3월 ~ 현재)","* (~2020누계, 신고기준),  - 對영국 : 1,734건, 231억불(수출입은행),  - 對한국 : 1,962건, 193억불(산업통상자원부)","* 재외동포현황 : 40,770명(2019),  - 시민권자 및 영주권자 : 21,128명,  - 체류자(유학생 포함) : 19,642명",,4500000000,4400000000
예멘,Yemen,YE,"1985.08.22. 북예멘 수교, 1990.05.17. 남예멘 수교","* 우리측 : 상주공관 (87-98, 07.12 재개설, 15.4 철수), '20.07. 곽태열 대사 부임, * 상대국 : 상주공관 없음('90.02 개설, '01.06. 폐쇄), Samir Mohamed Khamis 駐日예멘대사 겸임","- 한-對예멘 투자현황 : 48건, 8.5억불('19.09. 누계, 한국수출입은행), - 예멘-對한 투자현황 : 70건, 992.3만불('19.09. 누계, 산업통상자원부)",3명('21.08.),"무상원조 : '91년-09년간 약 456.3만불 지원, EDCF(대외경제협력기금) 차관 지원 사업, '09-'12년간 1억불 EDCF 차관 지원 사업, 고등기술훈련원 교육장비 지원 사업(1,538만불), 인도적 지원 : '09-'15년까지 790만불 지원, '16년부터는 국제기구 등을 통해 매년 약 400만불 지원, '18년부터 우리나라 쌀 지원('18년 17천톤, '19년, '20년 19천톤)",156000000,39000000
오만,Oman,OM,1974.03.28. 수교,"공관현황, * 우리측 : '76.10. 개설, - '19.05. 김창규 대사 부임, - '16.11. 신청사 개관, * 상대국 : '84.03. 개설, - '20.01. Zakaria 대사 부임","한국 → 오만 : 13.3억불, 256건('68-'20, 한국수출입은행), 오만→한국 : 8,600만불, 10건('62-'20, 산업통상자원부)",약 270명('21),,610000000,2170000000
오스트리아,Austria,AT,"1892.06.23. 수교일자(조·오 우호통상조약 체결), 1963.05.22. 대사급 외교관계 재개","- 주오 대사 : 신재현 제20대 대사(2019.06. 부임), - 주한 대사 : 볼프강 앙거홀처(Wolfgang Angerholzer) 제10대 대사(2020.07. 부임)","(누계, 2020신고기준),  - 對한국 : 2.8억불(147건) / AVL List(파워크레인 및 계측기계), Steyr Motors(디젤엔진) 등,  - 對오스트리아 : 16억불(125건) / LG전자, 삼성SDI 등","- 동포현황 : 약 2,700명(2021.5월)",,1070000000,1630000000
온두라스,Honduras,HN,1962.04.01. 수교,"- 1990.07 주한온두라스 상주대사관 개설, - 2019.11 심재현 대사 부임",투자진출 현황 : 약 20개 업체(주로 섬유),약 172명(2021년),,135000000,82000000
요르단,Jordan,JO,1962.07.26. 수립,"* 주요르단 한국대사관: 1975.3.31,   - '19.6 이재완 대사 신임장 제정, * 주한요르단대사관: 2011.2,   - '16.9 Adel Adaileh 대사 신임장 제정",,400명('20),,470000000,84000000
우간다,Uganda,UG,1963.03.26. 수립,"1963.4 상주공관개설, 1994.10공관 폐쇄, 2011.12.30. 주우간다 한국대사관 개설, (2018.11 하병규 대사 신임장 제정), 우간다측 : 주일본대사 겸임(Betty Grace Akech-Okullo)","- 한국->우간다 930만불('20누계, 수출입은행), - 우간다->한국 18만불('20누계, 산업통상자원부)",545명(’19),1.8억불('87-'19),33000000,6000000
우루과이,Uruguay,UY,1964.10.07. 수교 일자,"* 공관 : 1970.12,  - 현 대사,   - 주우 : 이은철('20.11.24 부임),   - 주한 : Luis Iribarne Restuccia(루이스 이리바르네 레스투차)('16.8.31 부임)","* (2019),  - 투자 : 32백만불,  - 현대건설, 기아자동차, 삼성전자, 인성실업 등",교민현황(2020) : 약 140명,,75000000,116000000
우즈베키스탄,Uzbekistan,UZ,1992.01.29. 외교관계 수립,"* 공관 설치 : ‘93.12월 주우즈베키스탄대사관 개설,  - ※ ’19.5월 강재권 대사 부임, * 주한공관 설치 : ’97.1월 주한 우즈베키스탄대사관 개설,  - ※ ’17.6월 펜(Vitaliy Fen) 대사 부임","- 對우즈벡 투자(~21분기까지 누계. 신고액 기준) :1,614백만불, - 對한 투자(~’20.3분기까지 누계. 신고액 기준) :56.2백만불","1,839명(’18)",,1704000000,18000000
우크라이나,Ukraine,UA,1992.02.10. 외교관계 수립,"* 공관장,  - 권기창 주우크라이나 대사,  - 올렉산데르 호린(Olexander Horin) 주한 우크라이나 대사","- 대우크라이나 : 372백만불(21 실제이행누계), - 대한 :0.21백만불(21, 실제이행누계)",재외국민: 813명 (2020),,394000000,626000000
이라크,Iraq,IQ,1989.07.09. 수교,"- 1989.07.09. 주 이라크 한국대사관 개설, - 1918.11. 장경욱 대사 부임, - 1989.07.09. 주한 이라크 대사관 개설, - 1918.04. Al-Barrak 대사 부임",,약 825명('22.2월 현재),,1786000000,7226000000
이란,Iran,IR,1962.10.23. 수립,"- 1967.04.  주이란 한국대사관 개설, - 1975.08.  주한 이란대사관 개설, - 2018.05. 유정현 대사 부임, - 2018.10. Shabestari 대사 부임, - 1977. 양국 우호관계의 상징으로 서울과 테헤란에 각각 ‘테헤란로’와 ‘서울로’ 지정",,150명('22.02),,280000000,2100000000
이스라엘,Israel,IL,1962.04.10. 수교,"- 1993.12.27 주이스라엘 한국대사관 개설, 우리측(서동구 대사, 2019.10), - 1992.1.9 주한 이스라엘대사관 개설, 이스라엘측(Akiva Tor 대사, 2020.11)","對이스라엘-1.04억불(49건), 對한국-1.6억불(109건)",500명('21.3),,1430000000,1078000000
이집트,Egypt,EG,1995.04.13. 수교,"- 1995.4.13. 주이집트 한국대사관 개설, - 1995.6.8. 주한 대사관 개설",약 33개 기업,약 750명,,1210000000,340000000
이탈리아,Italia,IT,"1884.06.26. 외교관계 수립, 1956.11.24. 국교재수립","- 주이탈리아대사관 개설 : 1957.09.18., - 주한이탈리아대사관 개설 : 1957.12.17., - 주이탈리아대사 : 권희석 대사('19.5월 부임/'19.5.25 신임장제정), - 주한 이탈리아대사 : Federico Failla 대사('19.3월 부임/'19.5.31 신임장제정)","* (2019누계, 신고기준),  - 우리의 대伊투자 : 350건, 11.10억불(수출입은행),  - 伊의 대韓투자 : 306건, 7.29억불(산업통상자원부)","4,624명(2019, 외교부)",,3800000000,6400000000
인도,India,IN,"1973.12. 수교일자, 2021.07. 장재복 주인도대사 부임",,"* (누계액, 2020.),  - 對인도투자 : 69.4억불,  - 對한국투자 : 6.77억불",약 1만 500명(2018.),,19100000000,4900000000
인도네시아,Indonesia,ID,"1966.12. 영사급 수교 및 주자카르타 총영사관 개설, 1968.06. 주서울 인도네시아총영사관 개설, 1973.09. 대사급 수교 및 대사관으로 승격","- 박태성 주인도네시아 대사(2020.7. 부임), - 간디 술스티얀토 수헤르만(Gandi Sulistiyanto Soeherman) 주한 인도네시아대사(2022.1. 부임)","(2021, 신고 기준),  - 대 인도네시아 : 13억 $, 268건 (한국수출입은행),  - 대 한국 : 861만 $, 7건 (산업통상자원부)"," - 인도네시아 내 한국인 : 16,494명 (외교부, 2020),  - 한국 내 인도네시아인 : 36,858명 (법무부, 2020)","(2020년 총지출 기준, OECD), - 무상원조 2,910만 $, - 유상원조 2,200만 $",8600000000,10700000000
일본,Japan,JP,1965. 수교,,"* (2021.),  - 대일투자액 9.9억불(2021.09.),  - 대한투자액 11.2억불",약41만6천명(재일조선인 약2만7천명)(2021.6월),,30060000000,54640000000
자메이카,Jamaica,JM,"1962.10.13. 수교 일자, 1974.10. 상주공관 설치, 1998.11.30. 공관폐쇄, 2005.04. 상주공관 재설치(대사대리 체제)",,,약 116명(2021),,30000000,2800000
잠비아,Zambia,ZM,1990.09.04. 수교,"아국 : 주짐바브웨대사 겸임, ※ 1998.8.19 상주대사관 철수, ※ 명예영사 : 칼렙 로빈슨 줄루(Kaleb Robinson Zulu), 상대국 : 윌버 치시야 시무사(Wylbur Chisiya SIMUUSA) 대사 신임장 제정(‘2017.12.20), 공관개설(2014.6.23), ※ 명예영사 : 메센아이피씨(주) 이종우 대표이사","11건, 164만불('19누계, KITA)",약 140명(‘2020.7월),"1,409만 불",22000000,9000000
적도기니,Equatorial Guinea,GQ,1979.09.14. 수교,"- 아국 : 주가봉(대) 겸임, - 류창수 대사 가봉대사 부임 ('19.11월),  ※ '12.5월 주말라보분관 개설(제4대 대사대리:우홍구('20.3.~), 상대국 : 주중국(대) 겸임","4건, 1.2억불('21 누계, 수출입은행)","60명('21.1., 주말라보분관)",127만불(2010-2020),14800000,365500000
조지아,Georgia,GE,1992.12.14. 외교관계 수립,"* 공관장,  - 김동업 주아제르바이잔대사(겸임),  - 정대수 주트빌리시분관 대사대리,  - 오타르 베르제니쉬빌리(Otar Berdzenishvili) 주한조지아 대사","(2021 누계, 신고액 기준),  - 對조지아 투자 : 285백만불,  - 對韓 투자 : 60.9만불",329명 (2020),,94000000,11000000
중국,China,CN,"1992.08.24. 수교, 1992.08.27. 한국대사관 개설",,"* 대중국투자(2021. 신고액기준) : 122.3억불(한국수출입은행),  - 1968.~2021.12.까지 누계 : 1,062.6억불",- 중국체류 한국인 24만8천여명('21 재외동포현황),,1.63E+11,1.39E+11
중앙아프리카,Central African Republic,CF,1963.09.05. 수교,"- 주카메룬 한국대사관에서 겸임,  ※ '71.09 주중아공 한국대사관 개설, '89.05 주중아공 한국대사관 철수,  ※ '20.06 김종한 주카메룬대사 부임(중아공 겸임 대사), 중아공측 : 본국 외교부 관할"," 5건, 144만불('21 누계, 수출입은행)"," 12명('21, 외교부)", 767만불('87-'18),2800000,400000
지부티,Djibouti,DJ,1977.12.07. 수교,"우리측 : 주에티오피아대사관 겸임(강석희 대사), 지부티측 : 주일본대사관 겸임","58.3백만불, 한->지부티: 0.2백만불('19 누계, 수출입은행), 지부티->한: 58.1백만불(19 누계, 산자부)",7명 ('21),"4.51백만불('89-'20, OECD, DAC, 전액무상)",36000000,3000000
짐바브웨,Zimbabwe,ZW,1994.11.18. 수교,"- 아국 : 1995.10월 주짐바브웨 한국대사관 개설(2020.7월 도봉개 주 짐바브웨대사 신임장 제정), - 상대국 : 주일본대사 겸임, 티투스 아부비수투(Titus ABU-BASUTU) 주일본대사 겸임, 주한명예영사 : 태성유화 백영철 회장","13건, 408만불('09-'20누계,수출입은행)","약70명('21.3월)  - 가발업, 사진업 등 운영","총 2,511만불('91-'19)",22000000,9000000
차드,Chad,TD,1961.08.06. 수교,"주카메룬 한국대사관에서 겸임, ※ '18.2 김종한 주카메룬 대사 부임(차드 겸임대사), 주차드 명예영사 : 전재수, 차드측 : 주중국대사관에서 겸임, ※ 주한차드 명예영사 : Adam Azi Ibrahim(2008.3.21.~., 02-793-9564)","1건, 66.3만불('21 누계, 수출입은행)","22명('21, 외교부)",4.43백만불('87-'18) 아프리카 36위,917000,220000
체코,Czech,CZ,1990.03.22. 외교관계 수립,"- 주체코대사 : 김태진 대사(2020.1월), - 주한체코대사 : 슬라메츠카(Gustav Slame ka) 대사(2019.12월)","* (2019 누계), 수출입은행/산업부,  - 대체 : 19.6억불(228건),  - 대한 : 4백만불(14건)","- 재외동포수 : 2,676명 (2019년)",,2100000000,900000000
칠레,Chile,CL,1962.04.18. 외교관계 수립,"- 주칠레대사 : 장근호 대사(제20대), - 주한칠레대사 : Gloria Cid Carre o(글로리아 시드 카레뇨) 대사(제12대, '20.7 부임)","* (2020),  - 투자액 : 9.1억불,  - 삼성 · LG전자, 포스코건설 등 진출","약 2,500명",,860000000,3500000000
카메룬,Cameroon,CM,1961.08.10. 수교,"아국공관, ‘69.1 주카메룬 한국대사관 개설(‘98 철수 후 ‘08 재개설), ‘20.6 김종한 대사 부임, ※ 주카메룬명예영사: Mouhamadou DABO MODA그룹 회장, 상대국 : 주일본 대사관에서 겸임, ※ 주한명예영사 : 조동순(주)타이가 회장, 02-3272-2011 - 주한명예영사관","11건, 569만불('21 누계, 수출입은행)","133명('19, 외교부)",,32200000,55800000
카보베르데,Cape Verde,CV,1988.10.03. 수교,"아 국 : 주세네갈(대) 겸임, 상대국 : 주중카보베르데(대) 겸임",,10명('20),"53만불 ('87-'18), 아프리카 53위",932000,2000
카자흐스탄,Kazakhstan,KZ,1992.01.28. 외교관계 수립,"* 공관 설치 : ‘93.7월  /  주한공관 설치 : ‘95.4월,  - '20.5월 구홍석 제10대 주카자흐스탄대사 부임,  - '18.6월 듀센바예프(Bakyt Dyussenbayev) 제6대 주한카자흐스탄대사 부임","- 對카자흐 투자(~’20.4분기까지 누계, 신고액 기준) : 4,058백만불, - 對한 투자(~’20.4분기까지 누계, 신고액 기준) : 58,76.4만불","- 재외국민('18) : 1,527명, - 고려인 : 108,396명",,1998000000,1090000000
카타르,Qatar,QA,1974.04.18. 수교,"* 우리측 : 76.10개설,   - '21.6. 이준호 대사 부임, *카타르측 : 92.2 개설,   - '19.9. Al Hayki 대사 부임",,"약 1,800명('21)",,339000000,7560000000
캄보디아,Cambodia,KH,"1970.05. 수교, 1975.04. 캄보디아 공산화로 인한 대사관 철수, 1996.05. 대표부 설치 합의, 1997.10. 외교관계 재개, 상주 대사관 설치,  - 박흥경 대사(2019.10. 부임),  - 찌릉 보톰랑세이(Chring Botumransay) 대사(2021.09. 부임)",,"* (신고기준, 2021년 기준),  - 대 캄보디아 : 5.7억 달러, 78건(수출입은행),  - 대 한국 : 0.06억 달러, 9건(산자부)","- 캄보디아 내 한국인 : 10,608명(2021, 외교부), ※ 실제 15,000여 명 체류 추정",,624000000,342000000
캐나다,Canada,CA,1963.01.14. 수교,,"* (2020총누계),  - 한국→캐나다 : 248억불,  - 캐나다→한국 : 114억불",24만명(2019년),,6400000000,6700000000
케냐,Kenya,KE,1964.02.07. 수교,"- 한국 : 1964.2 주케냐총영사관을 대사관으로 승격, 여성준 대사('21.12) 부임, - 상대국 : 2007.7 주한 상주대사관 개설","한국 -> 케냐: 23백만불, 케냐 -> 한국: 5.2백만불","1,210여명('20)",1.61억불('87-'19),258000000,47000000
코모로,Comoros,KM,1979.02.19. 수교,"- 아국 : 주마다가스카르대사 관할, - 상대국 : 없음,  ※ 주코모로명예영사 : 2019.09. 이후 공석",,6명(‘21),"96만불('21, 증여등가액기준)",520000,190000
코소보,Kosovo,XK,2008.03.28. 국가승인,없음(미수교국으로 주오스트리아대사관에서 관할 / 코소보측은 주일본대사관에서 관할),,- 재외동포 수(2019) : 30명,,,
코스타리카,Costa Rica,CR,1962.08. 수교,"- 1974.09   주코스타리카 상주대사관 개설, - 1982.11   주한 상주대사관 개설, - 1999.07   주한 상주대사관 폐쇄, - 2002.03   주한상주대사관 재개설",,약 405명 (2021),,191000000,421000000
코트디부아르,C te D'Ivoire,CI,1961.07.23. 수교,"아국 : 1966.2.16.  주코트디부아르대사관 개설, ※ 2019.5.  이상열 대사 부임, 상대국 : 1997.6.  주한코트디부아르대사관 개설, ※ 2012.11.  Sylvestre BILE 대사 부임","14건, 6,099만불(‘21. 누계, 수출입은행)",175명('21. 재외동포재단),5683만불('87-'20누계),113000000,5000000
콜롬비아,Colombia,CO,1962.03.10. 수교,추종연 대사(현 공관장),,약 793명 (2021),,898000000,704000000
콩고,Congo,CG,"1961.08.21. 수교, 1990.06.16. 재수교","62.09.15   주콩고 상주공관 개설, 콩고-북한 수교에 따라 65.5월 단교, 90.06.16   한-콩고 외교관계 재개, 당시 주자이르대사관 겸임국으로 관할, 98.12   주자이르대사관 철수에 따라 주가봉대사관 겸임국으로 조정, 09.01   주DR콩고대사관 겸임국으로 재조정, ※ 콩고측은 주일본대사관에서 겸임","8건, 538만불('21 누계, 수출입은행)",3명(‘22),342만불('87-'18),24000000,6300000
콩고민주공화국,Democratic Republic of Congo,CD,1963.04.01. 수교,"- 아국 : '69.12월 주 민주콩고대사관 개설,  ※ '21.12월 조재철 대사 부임,  ※ '98.12월 공관 철수, '05.9월 1인 상주공관 개설, '08.7월 대사관 승격, - 상대국 : '90.7월 주한 민주콩고대사관 개설,  ※ Ngwey Christophe 대사(04.1 신임장 제정)","47건, 1,055만불('21 누계, 수출입은행)",100명('22),"16,151만불('87-'20)",45840000,443170000
쿠바,Cuba,CU,"1949.07. 대한민국 정부 승인, 1959.01. 쿠바 혁명이후 교류 단절 (※ 한국전 당시 구 쿠바정부 27만불 지원), 2005.09. KOTRA 아바나 무역관 개설",,,"교민현황(2020) : 약 40명, - ※ 1921년 멕시코 사탕수수 농장 취업 한인 288명의 후손 1,100여명(현지 동화되어 쿠바 국민으로 거주)",,20000000,9000000
쿠웨이트,Kuwait,KW,1979.06.11. 수교,"우리측 : '79.07.17. 대사관 개설 / '21.06. 정병하 대사 부임, 상대국 : '92.10.05. 대사관 개설 / '16.12. Al-Awadi 대사 부임",,약 740명('21),,660000000,5830000000
쿡제도,Cook Islands,CK,2013.02.22. 수교일자,양측 모두 상주대사관 없음(한국측은 주뉴질랜드 대사관에서 겸임),,없음,- 원조현황 : 84만불(1991.-2019. 누적액),9000,15000
크로아티아,Croatia,HR,"1992.11.18. 외교관계 수립, 2005.12. 주크로아티아 상주공관 개설 (05.12. 정정검 대리대사 부임), 2007.12. 주크로아티아대사관으로 승격 (07.12. 변대호 초대대사 부임), 2010.03. 박성웅 제2대 대사 부임, 2013.07. 서형원 제3대 대사 부임, 2016.06. 박원섭 제4대 대사 부임, 2019.05. 김동찬 제5대 대사 부임","- 주한대사 : Damir Ku en(초대 상주대사 2018.9월 부임), - 주한크로아티아 명예영사 : 양인모 前삼성엔지니어링부회장(07.8~)",,- 재외동포 수(2019) : 199명,,97000000,23000000
키르기스스탄,Kyrgyz,KG,1992.01.31. 수교,"* 공관 설치,  - 2007.09 1인 공관 개설,  - 2008.07 상주 대사관 개설,  - 2018.07 하태역 대사 부임, * 주한공관 설치 : 2008.5 상주 대사관 개설,  - 2022.02월 이스마일로바(Aida Ismailova) 대사 부임예정","- 對키르기스스탄 투자(~’21분기까지 누계, 신고액 기준) : 1.82억불, - 對한 투자(~’21 분기까지 누계, 신고액 기준) : 2,431.2만불","- 고려인('20) : 17,124명, - 재외국민('20) : 982명",,101420000,380000
키리바시,Kiribati,KI,1980.05. 수교일자,양측 모두 상주공관 없음(한국측은 주피지 대사관에서 겸임),"* ※해외직접투자통계,  - 對키리바시 투자 : 4,325만불(2011.-2019. 누계신고액)",11명(2019.) ※외교부,,8790000,3180000
타지키스탄,Tajikistan,TJ,1992.04.27. 외교관계 수립,"* 공관설치,  - ‘08.2월(주우즈베키스탄 대사관 겸임),   - ※ '20.3월 국장현 대사대리 부임,  - ‘15.4월 주한타지키스탄 대사관 개설,   - ※ ’16.8월 샤리프조다((Yusuf Sharifzoda) 대사 부임","- 對타 투자(~‘20.4분기까지 누계, 신고액 기준) :0.64억불, - 對한 투자(~‘20.4분기까지 누계, 신고액 기준) : - 만불","- 고려인('20) : 637명, - 재외국민('20) : 120명",,46000000,1000
탄자니아,Tanzania,TZ,1992.04.30. 수립,"- 한국 : 1992.10.21 주탄자니아 한국대사관 개설 (現 김선표 대사, ‘22.1월 신임장 제정), - 탄자니아 : 2018.1.31 주한 탄자니아대사관 개설 (Mavura 대사 22.2월 신임장 제정)",,427여명('22),"6.5억불('87-'20, 유무상 누계)",200100000,25900000
태국,Thailand,TH,1958.10. 수교,"* 1960.03. 주태국 대한민국대사관 설치, * 1961.07. 주한 태국대사관 설치, * 2007.07. 치앙마이, 2008.7. 푸껫 명예영사관 설치,  - 문승현 대사(2021.12. 부임),  - 윗추 웨차치와(Witchu Vejjajiva) 대사(2022.4. 부임)","* (신고기준, 2021),  - 대 태국 : 1.6억 달러 (수출입은행),  - 대 한국 : 11백만 달러 (산자부)","(2021.), - 태국 내 한국인: 18,130명 (외교부), - 한국 내 태국인: 171,800명 (법무부)",,8500000000,7000000000
토고,Togo,TG,"1963.07.26. 수교, 1974.09.17. 단교, 1991.01.23. 재수교","아국 : 주가나(대) 겸임, ※ 임정택 대사(2020.12.10. 부임), 상대국 : 주일본(대) 겸임, ※ Afognon Kouakou SEDAMINOU 주일토고대사대리","1건, 60만달러(‘20.6 누계, 수출입은행)",62명('22.02 기준),"(무상) 3.25백만달러(1987-2019, OECD)",812000000,49000000
통가,Tonga,TO,1970.09.11. 수교일자,,"* ※해외직접투자통계,  - 對통가 투자 : 2.5백만불(2004.-2019. 누계신고액)",19여명(2019.) ※외교부,- 원조현황 : 4.25백만불(1987.-2019.) ※외교부,248000,1698000
투르크메니스탄,Turkmenistan,TM,1992.02.07. 외교관계 수립,"* 공관 설치,  - 07.07 주투르크메니스탄대사관 개설,  - 18.01 진기훈 제4대 대사 부임, * 주한공관 설치,  - 13.11 대사관 개설,  - 14.03 맘멧알리예프(Myrat Mammetalyyev) 초대대사 부임","- 對투르크 투자(~'21까지 누계, 신고액 기준) : 0.02억불, - 對한 투자(~'20.4분기까지 누계, 신고액 기준) : 9만불","- 고려인('20) : 917명, - 재외국민('20) : 22명",,30000,8530000
투발루,Tuvalu,TV,1978.11.15. 수교일자,"우리나라 대사관 미설치(주피지대사관에서 겸임), - ※ 투발루측 외교공관은 전세계에서 피지 및 뉴욕(유엔) 2곳에 불과",對투발루 5천불(2017.~2018. 누계신고액) ※해외직접투자신고액,없음,- 원조현황 : 380만불(1987.-2019. 누적액) ※외교부,11502000,1030000
튀니지,Tunisia,TN,1969.03.31. 수교,"* 우리측 : 상주('69.03.) / '21.06. 선남국 대사 부임, * 튀니지 : 상주('90.10) / '17.10. Nabih El Abed 대사 부임","한국→튀니지('80~'20): 3,919천불(21건, 한국수출입은행), 튀니지→한국('80~'20): 169천불(2건, 산업통상자원부)",160명(‘21),,155000000,87000000
튀르키예공화국,Republic of Turkiye,TR,1957.03.08. 수교일자,"- 이원익 대사(2020.11월 부임), - 에르신 에르친(Ersin Ercin) 대사 (2017.12월 부임), - 07.01 주이스탄불 총영사관 개설","對튀 투자(2021. 누계) : 39억불(885건), 對한 투자(2021. 누계) : 54백만불(141건)","2,727명(2020)",,7020000000,1240000000
트리니다드토바고,Trinidad & Tobago,TT,1985.07.23. 수교일자(2017년 32주년),2021.08. 오동일 대사 부임,,약 31명(2021년),,49000000,337000000
파나마,Panama,PA,1962.09.30. 수교일자,"- 1973.05 주파나마대사관 개설, - 1979.03 주한파나마대사관 개설, - 2019.10아타나시오 코스마스(Athanasio Kosmas) 주한대사 부임, - 2021.12 정진규 대사 부임","* (2020),  - 투자액 : 30.21억불",교민현황(2021) : 426명,,1570000000,458000000
파라과이,Paraguay,PY,"1962.06.12. 수교일자, 1976.03.21. 공관창설",,"* (2020)      ,  - 투자 : 1,235만불,  - 진출 기업 : 삼성전자, LG전자, 일성건설, THN 등","* 우리 교민현황 : 약 5천명,  - 1965 대파라과이 이민 시작,  - 우리나라 체류 파라과이인 : 약 99명",,87000000,84000000
파키스탄,Pakistan,PK,1983.11. 수교일자,"상주 대사관 설치(1983.11.), - 서상표 대사(2020.12. 부임)","- 對파 투자('20) : 5.81억불, - 對한 투자('20) : 2.36억불",,,1550000000,330000000
파푸아뉴기니,Papua New Guinea : PNG,PG,1976.05.19. 수교일자,"- 한국측 공관현황 : 상주중(1981.12. 개설, 2018.05. 강금구 대사 부임), - PNG측 공관현황 : 상주중(1991.04. 개설, 2016.07. Andrew Yamanea 대사 부임) ※ 국내경제 사정 악화로 2001.07.31. 폐쇄했다가 2005.09.01 재개설","* ※해외직접투자통계, 산업통상자원부,  - 對파푸아 투자 : 2.86억불(1981.~2019. 누계신고액) / 125.6만불(2019. 신고액),  - 對한국 투자 : 4.40억불(2000. 이후 없음)",약 201명(2019.) ※외교부,"- 원조 : 2,632만불(1987.-2019. 누적액)  ※외교부",75000000,690000000
팔라우,Palau,PW,1995.03. 수교일자,양국 모두 상주대사관 미설치 (한국측은 주필리핀 대사관에서 팔라우 겸임 / 팔라우측은 일본에서 한국 겸임),"* ※해외직접투자통계,  - 對팔라우 : 2,244만불(1981.-2019. 누적신고액)",약 91명(2019.) ※외교부,- 원조현황 : 253만불(1981.-2019. 누적액)  ※외교부,13070000,250000
팔레스타인,Palestine,PS,"없음 (유엔결의로 확인된 팔레스타인의 합법적 권리 존중), 1995.11. 우리 외교관의 ‘팔’ 관료 접촉 허용, 1996.08. ‘팔’ 자치정부 발급여권 인정 및 동 여권상 비자발급 허용, 2005.06. 일반 대표부 관계 수립, 2014.08. 주팔레스타인 대표사무소 상주근무 개시",,,약 31명('20),"- 07.12 팔레스타인 원조공여국회의(파리)시 2천만불 무상원조 서약(2008-2010), - 14.07 가자사태 관련 1백만불 인도적 지원, - 14.10가자재건 국제회의시 1,200만불 지원 공약, - 16년 난민지원 95만불, - 17년 난민지원 100만불, - 18년 난민지원, 의료센터지원 등 140만불, - 19년 교육 및 식량지원 100만불, - 20년 코로나19 현물지원 등 120만불, - 21년 이-팔 충돌 직후 UNRWA 100만불",39960000,940000
`,Peru,PE,"1963.04.01. 수교일자, 1971.08.01. 공관창설",,"* (2020),  - 총누계투자 : 29.55억불,  - 지상사 : LG전자, 삼성전자, 포스코대우 등,  - 자원개발업체 : SK에너지, 석유공사 등","* 우리 교민 현황(2020) : 약 1,500명,  - 의류·원단 수입 판매, 중고차 판매, 수산업 등 종사",,485000000,2756000000
포르투갈,Portugal,PT,"1961.04.15. 수립, 1975.06. 주포르투갈대사관 개설, 1988.08. 주한포르투갈대사관 개설","주포르투갈 대사 : 조영무 대사(2022.03 부임, 18대), 주한 대사 : 수자나 바스 파투(Susana Vaz Patto) 대사(2022.02 부임, 10대)","對포르투갈 투자 : 84건, 4억 1,100만 불(수출입은행, ~2021. 누계, 신고기준), 對한국 투자 : 30건, 5억 500만불(산업통상자원부, ~2021. 누계, 신고기준)",265명(2021.),,744000000,449000000
폴란드,Poland,PL,"1989.11. 수립, 1989.11. 주폴란드 대사관 개설, 1990.01. 주한 대사관 개설","선미라 제13대 대사(2018.11. 부임), 피오트르 오스타셰프스키(Piotr Ostaszewski) 주한 폴란드대사 (2017.09. 부임)","* (2020, 신고기준 누계 / 산업통상자원부, 수출입은행),  - 對폴 : 42.17억불,  - 對한 : 6.19억불","2,635명(2020년 기준)",,5640000000,830000000
프랑스,France,FR,"1886.06.04. 외교관계 수립, 1949.02.15. 국교재수립, 2004. 21세기 포괄적 동반자관계 수립","- 주프랑스대사: 유대종 대사 ('20.11월 부임, '21.4.12 신임장 제정), - 주한프랑스대사 : 필립 르포르(Philippe Lefort, '19.11월 신임장 제정)"," (누계, 신고기준),  - 대불 : 841건, 53.81억불(1968~2020, 수출입은행),  - 대한 : 1,192건, 87.72억불(1962~2020, 산업통상자원부)","- 재불한인 총수 : 25,417명('21, 입양인 포함)",,4.56E+11,6.64E+11
피지,Fiji,FJ,1971.01.30. 수교일자,"- 한국측 : 상임(박영규대사, 2020.12.-), - 피지측 : 상임중이었으나 2020.12. 코로나19로 인한 국내재정 악화로 임시 폐쇄조치(주일본대사관이 겸임 예정)"," - 對피지 : 약1억불(1984.-2019. 누계신고액), 28.7만불 (2019. 신고액) ※해외직접투자통계,  - 對한국 : 11.1만불 (2015. 이후 없음) ※산업통상자원부","약 1,389명 (2019.)","- 원조현황 : 3,076만불(1987.-2018. 누적액) / 744만불(2018. 신고액) ※외교부",35975000,264000
핀란드,Finland,FI,"1973.08.24. 수립, 1973.08.24. 주핀란드대사관 개설, 1978.11.01. 주한 핀란드대사관 개설","주핀란드 대사 : 천준호 대사(2019.11. 부임. 2019.11.27. 신임장 제정), 주한 핀란드 대사 : 페카 멧초(Pekka Metso) 대사(2020.08. 부임, 2021.02.17. 신임장 제정)","* (누계, 신고 기준),  - 對핀란드 투자 : 57건, 1.31억 불(수출입은행, ~2020),  - 對한국 투자 : 119건, 3.4억불(산업통상자원부, ~2020)",744여명(2019),,280000000,850000000
필리핀,Philippines,PH,"1949.03. 공사급 수교, 1954.01.19. 주마닐라 공사관 개설, 1958.02.01. 대사급 수교(대사관으로 승격), 2016.11. 주다바오 명예영사관 개설","- 김인철 주필리핀 대사(2020.12. 부임), - Maria Theresa B. Dizon-de Vega 주한 필리핀대사(2021.7. 부임)","(2021, 신고 기준),  - 대 필리핀 : 1.7억 달러, 146건(한국수출입은행),  - 대 한국 : 1.3억 달러, 3건(산업통상자원부)","필리핀 내 한국인 : 33,010명(외교부, 2020), 한국 내 필리핀인 : 49,800명(법무부, 2020)","(2020년 총지출 기준, OECD), - 무상원조 : 2,775만 달러, - 유상원조 : 12,884만 달러",9700000000,3900000000
헝가리,Hungary,HU,1989.02.01. 대사급 외교관계 수립,"- 최규식 제12대 주헝가리 대사(2018.1월 부임), - 모세 초머(M zes Csoma) 제7대 주한대사(2018.10월 부임)","* 투자 누계(2019년, 수출입은행/산업통상부),  - 對헝: 17억불(삼성전자, 삼성SDI, 한국타이어 등),  - 對한: 5.1억불","1,737명(2019)",,2500000000,500000000
호주,Australia,AU,1961.10.30. 수교일자,,"* (총 누적, 신고기준),  - 對호주 투자 : 213억불,  - 對한국 투자 : 48억불",약 16만명(2012.),,6200000000,18700000000
